feature_1,feature_2,feature_3,feature_4,feature_5,feature_6,feature_7,feature_8,label
0.0725805889948424,-0.006084854086628881,0.9448569458114127,0.025468954262924275,-0.012328327376669543,-0.009247385531961302,-0.007608092631346469,0.010310582718880851,0
-0.03971507034797891,,0.9528131057655973,0.028287812723065436,0.01927611476850985,0.03594673977202048,0.018837298238294053,-0.02361160268823715,0
-0.02336815802534926,-0.005777525016643293,0.08209607221414177,-0.027827849993565773,1.0188964183443003,0.006034854784980406,-0.0023882085978605117,-0.01256280086493882,0
-0.3386990980283342,-0.12627024855352498,-0.4364299539499723,0.054860087672311986,-0.06330383348399904,0.21744623925190432,-0.34009933338853804,0.8109590537500606,1
,0.6425079853011755,0.12031721223380765,-0.44112705594788615,-0.18382373678583797,0.24724857546183965,1.4493614760832905,0.6507160722426657,1
0.9923239062971949,-0.037922836164076185,0.0496125186860623,-0.04346509710322017,-0.013373905991934434,0.0039734895966540215,0.043803420016325575,-0.043638963804298006,0
-0.0019862109796018857,-0.012137024144966695,1.0057663446242997,0.02574412806014853,-0.0757629558998855,0.019790056148864487,-0.003693450618392778,0.030790712406320687,0
0.0009749594219242039,-0.004213152025311855,0.0792514828267409,-0.015231819080489003,1.0161604869036014,0.008699375170079394,0.006654541676975329,-0.020483062741421098,0
-0.04725461643229783,-0.01756186329613198,0.9998858416130513,0.051462758810302246,-0.03431271819088759,-0.023910119050682594,0.04645903647404729,0.02352594230528054,0
1.1767685888884325,-0.38405303382395495,1.404931960153984,0.7307762303318481,0.8783206920176962,1.1357118604592205,0.5681484910296546,1.3645539865730436,1
0.42661852466149575,0.5201718337590544,-0.4929825127369101,0.27141051657963855,-0.12894411065222044,0.17865886541768017,0.6996501483955193,,1
0.010778868527239084,0.027364944243812202,-0.040367933903686454,0.9602392483483398,-0.03098780282167829,-0.006941503200722399,-0.06672829649624046,-0.01278619635811173,0
1.205845887420943,-0.3449689171276309,0.47040593902750216,1.2198173715685974,-0.05104037034057596,-0.4938834211653569,0.6196696533009718,0.31973651086539934,1
0.019344576483069042,0.012277775561214444,-0.0794836683918844,1.031830613561157,0.0031865541654037587,0.014157805231748389,0.0197238888435032,0.024107368600312533,0
-0.0742112311627785,0.9933477776621549,0.004427751251352853,-0.027745112760719965,-0.01074928106882899,-0.05188337307080567,-0.012823053576936418,0.020201407488265447,0
0.2004033358147277,1.411704575813913,0.5547819057548724,0.4148830102373837,0.6460025525335593,1.257482838777098,0.10096814226194395,0.36858631151096044,1
0.0639829787694006,0.9689830985948771,-0.0007342693574770339,-0.02944753450979759,-0.0028350845447650194,-0.0068523871671734805,0.025509526994526615,0.02983499042446672,0
0.9842213115789746,-0.004835099758342924,-0.009909614810771074,0.0016716154064530422,0.047258132418016276,-0.03812375051836341,0.014011299729851856,-0.032926644685590596,0
0.05033266677969041,0.9824946328191095,-0.013807644316476398,0.018147240924570412,-0.06650629624793297,-0.03435931844175874,0.0196454770346046,-0.004954640333776453,0
1.2685012355847054,1.1665830871447018,0.7843572635256024,0.15544319069878743,0.6764606035309644,0.030712886506435,0.896400016006796,0.4404568557018691,1
-0.34874922746515824,-0.22227077577052712,-0.4158004137266538,1.3361316313033218,0.25317608964122607,1.0404208455855561,0.5375553453907846,,1
1.0880647764551117,-0.2314762971240727,0.47089902979752574,,-0.1456962994348423,0.9543357074971572,0.5843709786539519,-0.48292435646145915,1
1.0032417083239071,-0.016378312704474065,-0.05044385039426802,,-0.034557266609190826,0.015406196625397816,-0.029909326286663693,0.05042013481537964,0
0.9844745436023192,0.017942389515122167,-0.015325162350115091,-0.015401621896278495,0.008001660600931614,-0.06327192687162798,-0.05704280659514772,-0.01859477487958194,0
0.947851505182139,1.139370869624672,0.755774760345651,0.8868588995509525,1.005394591389503,-0.05555409616740081,-0.044383750711616266,0.7398393631681031,1
0.4717293681604515,-0.07078979358323889,1.110535885039414,0.07576612563623075,0.6762118439101166,-0.07390395341029543,0.6095603348520182,0.31180258588753174,1
-0.15076158588708788,0.69066805704321,1.2952595004457765,1.0550312170202019,-0.0026542793615156324,0.5207259968681732,0.4898646483836746,1.3769501456535047,1
-0.0034228906398940336,0.03139614005041811,-0.03157640132064689,0.0006035719767979529,1.0573176074670658,-0.017180148129914256,-0.014366864746220563,0.02990803579872948,0
0.0625145395637059,1.0461840117875387,0.0012548586355614186,0.0036561518780999047,0.007607098393302611,-0.03463550117142962,0.026310733012615422,-0.025717186497703066,0
0.066499615937636,1.0125507762973014,-0.022848019950361453,-0.0488303712868514,-0.0031945107697287085,-0.024450157231427138,-0.013818209247696521,0.011273609751845756,0
0.05253408680505367,1.2867479755644677,1.1762499660535288,1.3224488606379619,1.4575916529712962,1.419665768533839,0.6140207803590332,0.0003356433023053995,1
1.1449136244921625,0.14016250473752434,0.04913733675901755,1.004433295385337,-0.47631830324674196,1.1877475915933258,1.4196604015552352,0.440319341329237,1
0.4811441967481227,0.27571450554703225,1.0646330381616362,1.129062701505056,0.3111528859668795,-0.3732480080353058,-0.2033715738176225,0.8273581084142647,1
0.4764134403928766,-0.02919142233070615,0.7494441321391243,-0.22623498778105255,0.511808075915315,0.7042488870039842,0.6416066640303588,-0.3169127352949288,1
-0.25581863730313525,0.8720304553212896,0.2495565564356641,0.8446232462884191,0.9680822967191778,1.2234303732376115,-0.2978343830220125,0.27075890561769245,1
1.0113933189093844,0.08522589211122948,0.012628612502500747,0.025119735172306167,0.021103378620236393,0.014409361420759844,-0.006974039767598976,0.016789083033271802,0
0.013431007007945098,0.020751947721887418,0.03294490737605919,-0.03159743663831214,1.0065496370741698,0.007251504593111781,0.017881977781892107,-0.007247906656946997,0
0.2602308828143387,0.19031822475200988,0.34456359257013225,0.5291528686074933,-0.07331137916938224,-0.08301820897766721,0.4167134201131557,0.4201778885996674,1
1.2852688593718635,1.1979896873781077,-0.4723757112822793,-0.11497424476905871,1.1544708150647744,0.9749784527384942,1.4484371215179133,-0.405036219467537,1
-0.04293391952141774,1.033416447534917,-0.00953220140704571,-0.035285153012588055,-0.03561192027197437,-0.026331310402387804,-0.04910986067845496,0.016990624872542506,0
1.0226586260998844,-0.026048847199085616,0.04018218468339096,-0.04015516591747375,0.016810162360941263,0.06274426108723981,-0.028373306935817612,-0.01622125195353756,0
0.002154095240727941,1.0349825900392722,-0.004272243157180007,0.021982550442692157,0.015624452699453608,0.03312395661476812,-0.05570259873457757,0.03196250405174841,0
0.00019936588520726528,0.05009897069639631,-0.022805860224907767,0.0009284662255083191,1.012087728521795,-0.0025078346867516282,-0.0546672948508718,-0.05290547792820277,0
0.05041763845174365,-0.0008749655579653306,0.9999634160448506,-0.028925220062869555,0.0722386581798728,0.000843162488336516,0.025431637331500518,-0.008990938005302847,0
-0.015144210947628033,0.026558489394893508,1.0251418031517576,-0.03238037035517345,-0.0296208921364903,-0.034602823803599615,0.03750234532196235,0.0017671526530874018,0
1.001801205118942,0.19813508490529275,0.20408919607528553,0.10350137381102242,0.7714868854759083,0.05427270905053638,0.808633813395383,,1
-0.14756085692548426,1.378884115972529,1.20443230043047,1.4976551096249522,-0.3034096794661303,0.5612050117785279,-0.31786362262423506,0.9840244938096778,1
,-0.02486061160366734,1.0355119232858059,0.0009743428435680688,-0.05818882768305993,-0.026532622095584612,-0.0017545498367242136,0.037761830744542715,0
-0.003753912908549226,1.0050812379838077,-0.010496403749463113,0.045037317745321985,-0.05557070220307105,0.03798651757902194,-0.01843264692577993,0.041506550168243575,0
0.6725548247974589,0.7680238065106977,0.11518606311703006,0.15357605298442434,-0.32306859484579586,1.4364396908059145,1.4349699752311962,1.485870890157144,1
0.09543788628303806,-0.04122231387576947,0.014255433915222326,1.4911217569396282,0.4543574227733329,0.04569718408082113,0.14890385802571426,0.7939070395336218,1
0.01988018384111201,1.494298945735235,1.360338739669415,0.1815675173272142,0.37797128893453413,0.023216606970445586,1.010793380531719,0.6550028028180293,1
0.9901752502738136,0.03139169749718817,0.020806333437893287,-0.0032019910547552237,-0.03723007541321676,-0.06660167076251382,-0.019631446223413257,0.037652371547086956,0
1.4410945261702615,1.0199122880716223,0.8355850030888805,0.6484579833379855,-0.3031955865578162,0.2149480256589391,-0.01176750080418043,0.0923014254010619,1
0.41295452221820095,0.6726079345348392,-0.0967703384734917,0.3354365216087858,1.2221684883611201,0.7926128510720694,-0.29334748413378,0.7070336171078953,1
0.017875792051406988,-0.045543062117667545,-0.017941563724710174,0.025171241724694374,0.9821121518690501,0.019751737356795265,0.032193498995942565,0.04316366662730497,0
0.0014935405854998942,0.04634866683947503,-0.028175319630572095,1.028074226937685,0.06406786621316382,-0.019540666067542588,-0.017901338484656776,0.026207664083447896,0
-0.43911170803103605,1.0436403050658944,0.8961206949208476,1.412169692084322,0.6293263883833278,0.1904282816825955,-0.3142187221005217,0.5494335526460981,1
0.11821991038165458,0.7645215223285173,0.5814452056131083,1.304110433252137,1.055717206173254,-0.39091197638347697,0.23916738775808333,-0.08312712004568579,1
1.4796170424450228,0.0679039674662556,0.7581073848445115,-0.017625304205862058,-0.4193595259019256,1.4230290905342575,-0.285921950403079,1.4267596475686226,1
1.2391155648454821,0.6560180542458776,0.775734485853524,1.0442621419879832,-0.07903717665802557,1.3499296810206083,1.4829986082512663,1.4265023726194028,1
0.03054350401043039,0.06310711539992361,0.014157683706456007,0.9852276609735221,-0.021177812904428942,-0.02455061457207975,0.020770329848116286,0.003567705363930063,0
-0.347488754774262,0.6330870657965646,0.25438194071717546,0.7692947227887545,1.4047660569902787,1.2043892851367222,0.3555339989160333,1.1853933293339343,1
0.031285244438223975,-0.0340867323742753,0.025998790208200246,0.9988286921107956,0.03113174738160547,0.04062379082817639,0.010727835172998445,-0.032156712224419785,0
1.38838422872651,1.0150712181984902,1.1923003959856515,-0.3116006397120443,-0.30815279511512395,-0.2610587910792461,-0.286870175131005,0.5929915929304848,1
1.0406720568284495,-0.4987289503430641,-0.35102973092117096,-0.3378210229502856,0.6578774231969613,0.6629224593624552,0.24184697625158624,0.4559956688826441,1
-0.018249811784114785,0.025237609685198805,0.016197708678285617,1.0609643334558916,-0.01157222407639849,0.031928501534516665,-0.03407238756677694,0.03258001415647903,0
-0.013404397805470357,0.0013596009713012784,-0.04026942756580901,0.01631426304044998,1.0056072956967321,-0.04134097313007091,-0.016845475123584586,-0.018457292710504773,0
0.026174650900516308,-0.01630178085518861,0.013143118220292902,0.9341693135742649,-0.051214149627398224,-0.013814572250041122,0.030527173070512715,-0.007783229237991776,0
-0.011236077068371788,1.0240960623959645,-0.06774000432603677,-0.0053008610640126,-0.019596670639932666,-0.002358332082402521,0.05947885783854205,-0.014981548276339018,0
0.010393944772592409,0.9898093926318903,0.011862058094239167,0.05252998340515646,-0.007370301609052857,0.007648879116517372,-0.004791886291955781,-0.07415072471575544,0
-0.01259025067392937,-0.05050126429549171,0.011772636342237918,-0.009518132810180446,0.9892912314582638,0.046943901675960714,-0.02092890736018787,0.03734328734100329,0
1.3064831920918607,1.0439551962126958,0.835714406391787,0.5035975870794467,1.3574774761495276,0.13468697969967836,1.3443737339880018,0.7416812694281372,1
1.1676072903226817,0.31597458234889864,0.23000872263764305,0.3677972446153275,0.06953226932208212,1.437785293307628,0.6326077448273304,-0.4444079463376458,1
-0.38261292469813113,,-0.4432389436648949,0.8460355375129871,0.25403878050681405,0.4660731616616276,-0.30172489941629066,-0.11258255492296487,1
0.7211809516555401,0.07630823343680837,0.12322961970763546,0.5810467274195636,-0.12024162673347782,1.444409265190433,0.10047409960554576,1.1943429109587431,1
-0.03730268555037251,0.040422998135551634,-0.012089531074492644,1.0162904231610264,0.054406112912750514,-0.04003488432783235,-0.011480902689684333,-0.007306663792436235,0
0.05509553906506624,-0.05051707219500639,0.9667150813992881,0.009857155046450225,-0.030908409017074825,-0.014078219547948677,-0.02500492791929459,0.019559404432677365,0
-0.13579387558470346,-0.2278446913077805,1.2748554283227655,0.23826387856544873,0.44544331532911263,-0.0818402906748763,1.2627371071987132,0.8064195323060628,1
-0.030052224536668393,1.0228011608392804,0.01831331102072501,-0.041972287373487564,0.043332428104350694,0.034700945084829904,-0.0019120405813468548,-0.05728041934491047,0
1.2253855466121335,0.9023896533235414,-0.1791105540768929,0.5589191555608368,0.6984340661802246,0.288534372800789,-0.3114163005328556,1.1367268335171943,1
-0.48436130616417983,-0.09610653397790947,0.671890108723971,0.14440807765011554,-0.06849760610255506,0.745461691508442,-0.013263506667206437,0.7247910051948698,1
-0.02220827118521798,1.051797783033639,-0.06265744142517939,-0.0037673927334604274,0.030311585406926043,-0.00911765861232034,-0.004614675334439293,-0.04193481767057885,0
1.448059485070577,-0.20547410402004873,0.3552044323233787,1.0484318556646262,1.3616028127718183,1.0227957554778726,1.3686076046502464,0.19870977188269912,1
0.0062093875193320255,1.0051230308587533,0.03678486311549616,0.01077856639517514,0.07169265583080814,0.004262617806125666,-0.0107505733528953,-0.03955459267811797,0
1.1252674936473077,1.112990938936528,1.4583673604785792,0.8414636970865281,-0.31010556499073894,0.04967626966718819,-0.025025384726720556,1.1004140946405452,1
,-0.1972030220961447,-0.05079252810454582,1.2298860790601887,0.19650619911842804,0.5803183562984333,-0.37853248190328737,0.20786597396094275,1
0.01573189050098306,-0.042617606422583484,0.022599983369441808,-0.07460258764030633,0.9892851441534521,-0.012546661244447182,0.03208111834316351,0.0009984879658166551,0
-0.01717141737109903,-0.010812743812447208,0.9499317630853841,0.03921974676021243,-0.07265826449869296,0.007113070650170523,-0.0017756025771571567,0.009049428942929339,0
0.01436234452408704,0.024643345035647475,1.0001665475714245,-0.042064344894834405,0.037168196682801295,-0.015483489675892149,0.02109654847556056,-0.00763842494587372,0
0.9629573683249949,-0.013648475908874812,0.01462179820764437,0.043060062291803106,-0.021150505452381296,-0.008194892145849102,-0.048833059150040506,-0.05279994775712783,0
-0.10569107218380314,0.42910663171494345,0.007963355526043658,0.014601435668347928,-0.15564159999091687,-0.2574675558120081,1.3503012074749103,-0.3371533884555693,1
-0.0015337755437184657,-0.0715933129872822,-0.005840123458623256,-0.01227800274264924,1.046653804195729,0.014883797084321068,-0.0017933320986734454,-0.0031965553640828,0
-0.39386383296958405,0.984535423498379,0.8299610457094024,0.09155802605769225,1.0210429481530228,1.352762861065241,0.05305052489790163,0.4626528564256398,1
-0.07736858291560189,0.28628234644316275,0.723277167985787,0.06405745057867085,0.4389685789880071,1.1343622898063188,0.3938771654311184,0.11683569204417599,1
0.01514031248059332,0.024008239591374908,1.0123995616822279,0.005691765850609575,-0.014957093402042945,-0.08942299491519334,-0.011496384202103558,-0.023140591471026557,0
-0.16219764748328847,1.26063757122972,1.3347959265236111,-0.448521109706961,1.4613004076778102,-0.3485335446013147,1.3224633122503089,1.2071302481404615,1
0.7501138828629328,1.4192706156310215,-0.040733089617064344,0.4885776810656097,0.6326485544821583,0.8221996052785907,-0.48348355597429893,0.286491830083458,1
0.9693335769706463,0.024764053901442384,0.036452908914859895,-0.025821139266335637,0.030310716635204023,0.012987332080361279,0.02586449031722293,0.05967882415559252,0
0.01488574099459582,-0.05795460254952768,0.9542184805966056,0.04462406733130988,0.030445359589628757,-0.010397480021962115,,-0.02287350979242904,0
-0.03375209212197099,1.012077505042876,-0.014606956027219422,-0.007619944548298212,-0.03138223282162757,0.02288599777779235,-0.0525902601309643,-0.0013251888499353065,0
0.08120366558857217,-0.1682358781358626,-0.2938830113391038,0.679165643814992,-0.32295701167319857,1.393791363469758,-0.3026990424652152,1.444206346459206,1
0.005896066310433268,0.17839304215342122,0.8473545347334144,0.04663244841355163,-0.4476084848943811,0.6747892644123248,1.1432331170751844,-0.0008027882539949349,1
0.0007872817426887256,-0.0049820542676851255,-0.005123071846054709,,0.9992629411497692,-0.05148847149073648,0.02475150243573179,-0.043967751034573586,0
0.6226714656854053,0.46067559860745644,0.9155699892743467,1.3491455492706388,-0.055788123776903786,-0.03247677679938832,1.3034542106296736,-0.27722461556411404,1
1.0935687206518276,1.103541142972964,0.6212513605977183,-0.08176491259260832,-0.03931846013289331,0.6664749890105048,1.394862322152638,0.5474807168549229,1
0.6474262204846897,0.8364170502063635,0.08471270575318912,0.21275483113178661,0.2473180925016143,0.6199967595589082,1.2242803678601326,1.4881974142789267,1
1.2795551353409462,0.053833581682695586,0.4921281005756528,0.3599197693150704,1.2006458371188233,1.207888781709224,0.4232210384390085,-0.0902794099944475,1
0.048682008020611504,1.054790618109067,-0.03580515215354646,0.017599038290230178,0.0002975180955375318,0.03952280222725043,0.02542500054919957,0.005159704228220013,0
-0.04174660569817962,0.014634785880678656,-0.040988869784803435,0.01242591823257236,1.023537437465752,0.06231941877571418,-0.023960681757551547,0.025630817418099208,0
0.435902973661602,1.0908210571533958,-0.37222543098988337,0.35384324209563145,1.3801555604076596,1.0424418414356422,0.43401429991667095,0.8072105586782299,1
-0.17665290084343943,1.4852783756326937,0.4668353277092798,0.1174203865993888,0.825381879803992,0.30782978661838256,0.9236525111193195,-0.08069323801941386,1
1.271788394337831,-0.2027344067743504,1.1234891816630344,-0.3201698892006113,0.6849896641186746,0.6559752522711018,1.4715669106532776,1.4999934850860521,1
0.8459037878395848,-0.29031337466419727,0.9303444253214943,0.3544986773073391,0.7627260042326851,0.6593517906598023,0.7296464143463075,1.2493386508120912,1
-0.02959166487990827,0.004067256892264373,0.047674361880963134,0.0426187026564095,1.0111125647874804,-0.013861772332688147,0.050830042165394204,-0.005587204532779203,0
0.002672365674570662,-0.0035022502754351835,0.05681513829976239,-0.046765490778073245,0.9952717327137817,-0.016737104023207248,-0.05580805510300309,-0.03040482058779759,0
0.649235448583233,-0.13329548606730257,0.668734644182025,0.8168266417079417,0.5686835654736371,-0.05846599643089312,0.7023789931038393,0.8458662015995853,1
0.11952159443556076,-0.20436645989979407,1.2706374392627677,0.4074038687683115,0.7452955474864593,0.38484501380838565,-0.09429654387389386,0.29719420303517685,1
0.4530209081173251,1.2985866432206972,-0.10432844858483703,-0.31398591452077285,0.8643930897090506,0.04674575296437267,0.00329980932190832,-0.38814885029467416,1
0.0469076957242466,-0.013409187103951222,0.9626644874197883,0.007863655652186606,-0.011722617683151373,0.023775001911194728,-0.02095405092523511,-0.004795343076701504,0
1.0064399507945831,-0.3170589266512631,0.08593710983358704,0.5100784656076136,1.3245866716092904,0.4714234034592113,1.0743086390286327,-0.02094491856282099,1
0.06483874993854255,0.8550097873143081,-0.16314103411583813,0.4454865112697115,0.0004518165563123233,0.8461318390126411,-0.029654835247768574,0.41205800837690965,1
0.1317596068322684,0.6653886047773412,-0.06353373365788251,-0.4550713943181053,0.1087852859652696,0.677478924891928,-0.28063447955670573,1.150301976021477,1
1.1034181788799455,-0.05291680837051982,0.6866058256324603,0.09697962279122407,1.2489478727749124,-0.19481299118455908,1.225143385508234,0.00767311744972865,1
0.3942114038011255,0.82910266583367,,1.3111987759319848,0.7448210843255565,-0.050408615298273896,1.329000574959593,-0.46101621213599486,1
0.9893042696805205,-0.03285309361074448,-0.038771260033019964,-0.035558717928075696,-0.003360631739209734,0.014869789051047511,0.012060120187240298,0.03605443124383663,0
0.9444268129316999,1.3089381783030205,0.05045249444344657,0.5028573246262542,-0.04805142660282069,-0.36356400980915526,0.7018421925667995,0.13873119113551224,1
-0.062174774332976204,1.0428958059635713,0.030696967824904303,-0.00424309097019678,-0.010613971498474544,-0.041987085915712735,-0.007869819430757933,0.00584149825432853,0
1.0130877922638064,-0.067150975389333,0.012343765731433226,-0.01466707984866292,-0.02578272108254462,0.023297631249777646,0.03926888638976888,0.035470756675125475,0
0.9221980271959229,1.1604869337587809,1.1946612035467472,1.4369208482818248,-0.07354872208832575,1.0813077051063236,0.6578555368292376,1.0619002694345216,1
0.025790662427285272,-0.058788460161525696,0.9889797660142869,-0.027844648210492432,0.009865016934679453,-0.013621557340945533,-0.053202541739849625,0.039844259198632485,0
-0.0021386341957455347,0.03408496057301825,0.013521653760922861,-0.021010531629169597,0.9736801430016497,0.040108647024353364,-0.0325903397277647,0.013200351388783317,0
0.7425043534081535,0.32180687855427936,0.5536484764169141,0.35363291700275923,1.1679669147679859,1.3648131643001233,0.9233232811957066,1.3622134139924238,1
0.4080927430239871,1.3255337741104005,-0.2059162856714165,0.8678482099712919,-0.4824401894471917,0.2860851223091152,-0.23847188347566184,-0.2723709398410834,1
0.013073635118884628,0.03102277835025661,-0.0005203511081502828,1.0086122771641797,-0.04887822710550041,0.0266044739077189,-0.058082431007999674,-0.016423692962658106,0
1.2105842315917565,1.2637484175153504,0.9614530284981346,0.6320133540024291,1.0932575760507957,0.17923248708607753,0.4901079980025578,0.09616107711142985,1
1.0096113901336583,0.028914590740031068,-0.04574683711839219,-0.04883518241223121,0.019303255641160498,0.010983549589791685,0.009264116608138695,0.012812887102482844,0
-0.03642225146034726,0.9904158208099227,-0.020234808003714695,0.03373438657008224,0.04603743346810873,-0.030378615896813378,0.04543201975094379,-0.023115091390860768,0
-0.4021935999552013,-0.1553648297176855,-0.4156499011281358,0.7230331527980276,0.9206225844062048,0.8855617182458058,0.9658799368659874,1.105315898949813,1
-0.24311930678695082,0.21253966800514923,-0.4683153221116294,-0.24170079146107093,0.05083039491013497,1.01786701140672,1.3286432608982004,0.2937704085938373,1
0.05342478685309257,-0.00592047866078025,0.007299292426013996,-0.05095984200985129,0.9987032899191968,,0.05107025239521769,0.004882427188659469,0
0.04297223518551829,-0.013923394865535224,0.015722761616093043,1.0169275653418046,-0.006029355649049838,-0.02628536369510516,-0.04721974309166854,,0
-0.44483051343755164,0.02895875770033962,-0.09177246945130069,-0.478102691750361,1.224910772432718,1.0648275832477119,0.11442900563946456,1.2867023076878294,1
,1.237366239506359,1.241497671448927,1.0748067524061717,0.9894811032697597,-0.4840633480759928,-0.08792091408613634,0.04514801471412788,1
0.5683508502708381,0.914911863685065,-0.3231099747937187,-0.09419741183190689,1.1304981725713978,-0.006280902292017609,1.2972595481713518,0.47649316022786947,1
0.010725434933297374,0.06439358363041088,0.0396751313053387,0.9871983530787508,-0.029514378662614454,0.04293219564341328,0.0034846769898470515,-0.033609622522460574,0
1.3560019966797479,0.3045298688275875,1.1115493543491022,0.37127056154377236,1.17543358835979,0.5188053085248159,1.1732417909983517,0.6946634591103458,1
0.4778072805452007,0.6764726077422794,-0.0457471946986574,1.3725642069015587,1.4765362584936768,0.6790805623345719,1.0863253080950803,-0.4705822839258207,1
1.4680426348814262,-0.19629305275400855,0.9317765476124598,-0.2584536841470664,-0.49981830105942926,-0.10386109194510729,0.44236536065343035,0.019555584148791105,1
0.08370168152176838,-0.4352450794343805,1.3689675611471102,1.137792097880528,0.5474021954689681,0.6553963700700487,0.32774832504217755,0.9028196120638525,1
0.9945468423439874,0.013661179285486704,0.06377297146537621,0.005902570827757442,0.008707918825985365,-0.00251705691301298,-0.06487469866216168,-0.0008964485533341485,0
0.2771910088428846,0.41456532226381726,0.19261554798872504,1.1561275849215502,0.07424728057056096,0.5108900874403897,-0.027845245984720934,0.49012763756448874,1
1.066126612070516,0.0005817561414568581,-0.05579940201150332,0.026270881569712124,0.011316672518099768,-0.03412271790667739,0.003968293705247131,-0.02190532734360718,0
0.03693814326061472,1.0052157606828993,-0.00043656535791856233,0.0011873620931273515,-0.0006297021114613603,0.034991686966503815,0.07355260081823163,-0.03915562167481501,0
-0.012987830499055076,0.024010787493665222,-0.026045628791853303,0.9664263043545281,-0.04523186298040554,-0.012714781290637562,0.039949161323413904,0.007916828917488464,0
0.3658270451223089,0.9613001331575821,-0.36841889256020566,1.466345436169433,1.021962965227017,-0.10435056097092388,0.14185524522199167,1.4948039467403724,1
0.517271995985721,0.3340029448870774,-0.20129269680171813,0.4133334246025153,0.0023811339948036636,-0.1681560676586915,-0.20032101861018448,0.8161326481711102,1
1.03082219234348,0.05144733849979258,-0.0027316175767637674,0.03806781661497958,0.013718228781339598,-0.02447184398697298,0.013709108754533385,0.05834357207655693,0
0.026038475828648693,0.9714760335495691,-0.06577591613358978,0.02152072103126863,0.00577765273392072,0.03990864541435025,0.0024842101287962303,-0.016289070211162687,0
0.007713511866744155,0.972775507595481,-0.011342614790095726,-0.016029833005338067,0.025713911643901726,-0.012376683464077465,0.014929233383316337,0.060239705702721,0
-0.02931777284401529,0.03778470105357998,0.03368482442437932,0.9947410766248368,-0.03757258658759855,-0.027232581140096072,-0.016526659128657434,-0.05452747972380356,0
-0.012000833535869481,-0.015369873450099289,-0.03551854431998438,0.9515024640634445,-0.008129441695994354,0.012346251281255962,-0.03692315557986545,-0.022128693818637808,0
-0.013443955647405647,-0.004228560278790563,0.07103582210320332,0.9772202516100738,0.014960939664456925,-0.007737107379770772,0.009698796393642805,-0.043102742711168755,0
0.2761822569931349,-0.4986649556915279,1.0714680258523521,1.1288496966100932,1.0517915387740158,0.18868750224561204,0.3439611278509991,0.9590178329815686,1
0.9471966058724961,0.4642835749763665,0.5043387486915369,0.31690143285072137,1.4778055740077078,0.6733672101050343,0.9356145974487109,0.09684284565348444,1
-0.02252003075984819,-0.03400107580302319,0.03483149783070021,1.0007489380679568,-0.05033483147475332,-0.01457924036445142,-0.04369115056220024,0.005668699919216947,0
-0.4076493363461813,0.7154059221739053,1.4074419342686573,0.718008687563475,0.15267898050496553,1.0457025224658534,0.4437281788088885,1.0888283382114903,1
0.003033043801446271,0.005897291828508746,0.01344518521007924,0.9918373458847947,-0.024148150548439228,0.011299660176627858,0.05339984934157828,0.023460686362989855,0
0.27548844640027004,-0.11726224864779877,1.1806018310347384,0.9436704631800426,-0.46555717221358117,-0.3706509843408188,0.1042434976765918,0.3586101651491358,1
-0.02548306595268937,-0.0034865007449403755,-0.03899228876034837,-0.004509992372551842,1.037938025118962,0.04492716280969143,-0.06308367903796816,0.0071640553760439415,0
-0.0027402144395257235,-0.026712080498578022,-0.03724569722640594,0.9976340247522635,-0.0038620616287818434,0.019530760544402257,-0.008911439914367107,-0.029931024325813294,0
0.23103894497977384,-0.48772654484402245,-0.16795779860075655,1.1833171598881984,1.30627879703562,1.068471699734215,0.27388629270599574,1.3136066030974003,1
0.003177283198635558,0.993825033426362,0.05217041747304862,0.01920203190123851,0.006676184858453619,-0.060854064238115374,0.01239650355368212,0.04051889221091431,0
1.3310263271270257,0.592991171461825,0.6963886749437043,0.5263761384511834,0.779631247128195,0.9550943912616507,-0.06370892480555201,-0.397607149684448,1
0.9923062604934676,0.012507431546050206,0.05176143342887541,-0.01815178124358169,-0.0283165007347646,-0.017573427473627026,,0.011514105992825006,0
0.9996134733087124,-0.030290190290675072,0.023555624914291674,-0.034961902595908964,0.005981329930790861,-0.0561200412459235,-0.03803591989189959,0.005637612444091364,0
0.06145427570913995,-0.022393141174680213,0.9613874097999322,0.027611923375285292,0.000693184785801477,-0.005799975427771474,-0.032973695056541456,0.03378674995118086,0
1.2367659758836895,0.41000453000847736,0.929728541156112,-0.07761563485164391,-0.28765343905748453,-0.15076114479037472,0.8175989010659113,1.3510718763708514,1
0.2546675668562153,-0.19644953808133625,0.36557264729374594,-0.13180886857267615,-0.00430789415057431,0.5528076365835131,1.200578421031065,0.5395272422186022,1
0.06619806634362559,1.0381584481930062,0.025617442501040276,0.0010886751661301495,0.03117142706061574,-0.008761119567509416,0.008393703837066451,0.029608216007335732,0
-0.06217602745624006,-0.028748949066890944,-0.013235205877249438,0.019720884501290586,0.9586768949110329,-0.036884254831184037,-0.030953515061882268,0.010704433517798994,0
-0.3291846051002061,-0.03352798420609293,0.5950293988952204,1.23076293616531,0.8018829344695151,1.3950721905797565,0.7233861123920722,1.043218376112049,1
1.366055221709872,0.23253456377845327,1.3450393133358773,1.1836976202123524,0.24101631943652935,0.21752409501467795,0.6281770023606199,1.3148634204207252,1
0.0028719346524846675,0.030467781082371744,0.06276502624198864,0.025393555420542568,1.0384671889819113,-0.00742252918112936,-0.009345045091380266,0.04722560944487669,0
-0.05796392131057184,0.9817901676052039,0.0350505961366293,0.006083937486356362,0.03339471327128698,0.04177456957888424,-0.043440385615524726,-0.01681557502509633,0
-0.13328096361202157,1.247670730958625,0.7632223717433291,0.02772588122141295,-0.2901836961716653,0.6406058657538944,0.4936479513531735,1.0906467555369408,1
-0.009037770622606493,0.04161562855387316,0.9430466520427945,0.04966685186928009,0.026718093428207176,0.0060004140570648675,0.013290701418255928,-0.01766862028676171,0
0.011858730307969913,0.05073748625253263,,1.0443060275204032,-0.010546139868596973,0.037918749880982684,-0.030064796406707922,0.004810708357599668,0
0.028393449712471527,0.02461640846515149,1.0244953749195382,0.028604867917432476,0.058095886210038826,0.012440096375205871,0.014347861660042127,-0.05691821870037966,0
-0.028853993069712924,0.5277711770512998,0.2155747738278826,0.8051492612545332,0.9103619365924958,0.06564145143257916,0.9801161804140459,0.4410627955683677,1
,0.9648997163060181,-0.002297636715961334,-0.0008637369845089917,0.006986148063531282,-0.04164058309109047,0.01590668576264573,0.0012489392549020067,0
1.0142140648668705,0.0222786730821793,0.0430271226173345,0.041865119857460414,-0.05473161975923449,-0.037257621225502996,0.020461160756778955,0.02041152830788611,0
0.07123256000258703,0.026818933273626264,0.9916032484455377,0.004949135406938266,-0.03224243459878625,0.04233589380118913,-0.0047552381485664935,0.029986092998362905,0
-0.006057627157954041,0.041747599899542735,0.01872393153934117,0.9976405546520439,0.05736358860533034,0.041231215171273074,-0.04534966224440855,-0.01065960387048777,0
-0.31017647318781916,1.3813589865493396,0.6678643310255634,-0.1226381171603168,0.6294239416376788,0.3902344564518476,1.288525485436947,0.9472415239623362,1
-0.027958420269384443,-0.02481922857658502,-0.046768530222034393,0.04704156811022815,1.0050081097727264,0.023314939693867845,0.044832635688640425,-0.023413065452321358,0
-0.2534213141532635,1.3369980221310265,0.026823432748307896,-0.15773537608598964,1.0854748236134073,0.08644960699726778,1.2254358583793223,0.04416657028741855,1
0.027719488831743112,1.0262035348292413,-0.05547283193587652,-0.03995349308313517,0.0034147149818154845,-0.0017157882454556727,-0.004917799455427107,0.02166983293737742,0
0.21872291380501596,0.8407884445410891,-0.377776568303547,1.3921336970428873,0.35801954206833675,0.29081228910525114,-0.0561043048979184,0.5197705088576314,1
1.255209809097295,-0.4121525749275865,-0.4099964824332989,1.3240015954168067,-0.042094149335216935,0.021133794719396803,0.7198481330937714,0.4200161066315442,1
-0.03958874897701616,-0.024736072698436747,-0.04841290569936978,0.9777216820103992,0.04776490651911243,0.02272328828959385,0.008512705517455794,0.02040757504930029,0
1.2457049797551392,-0.36387649591846816,0.44334745892763117,1.154310011269077,0.9963387177087555,1.3122547804471842,1.3501995789650563,1.1598588628327418,1
0.0012502605048810597,-0.0019602939715828633,1.0002443630529807,0.012557076187684348,-0.033505923526172654,-0.03524149180679718,-0.08401324938308324,0.009940250207094516,0
-0.0740182192454284,1.4726800384472394,0.4699500371746086,-0.41211529492364596,0.5176247769019073,0.008974666373325446,-0.28489537075251903,0.8842897901617714,1
1.1224350473840974,0.5874663262914177,1.4950208307953365,-0.3307392211683102,1.333593330747272,1.0289403644185382,0.65705863109945,0.6306136734433079,1
1.4001179140200908,0.6119454644443965,0.11825244290766346,0.021682575526181802,1.1322478342436175,0.9929588411863024,0.6166623005781533,-0.27607151453837653,1
-0.03367019828573148,-0.21589136960773558,1.378856636235271,0.9609486659623909,-0.3570834208108167,-0.46665379056976053,0.33366750727947125,0.8848612586521196,1
1.0002744303161084,0.030679674928426444,-0.005586099245231849,0.0574144817743175,0.013205931078204515,-0.01809198394902834,-0.022603277240021386,0.010183522419056203,0
0.48719948669421487,0.4144437397712464,0.17118686857748577,-0.2787377348886442,0.7397506239569074,-0.37691615838383763,0.6419802120324576,1.210796040561386,1
-0.03692246056178863,0.044059266185398405,-0.0075224093804730705,1.0506989155913362,-0.02197348117768142,0.014050868231289893,-0.017460385666138705,-0.016832707935800547,0
0.6738851257450464,-0.2393065678733508,0.7673875406753536,-0.4667349890214858,1.397641677776146,0.043497465532849056,-0.029120511273638128,1.0077949613394224,1
0.6379225571652569,0.6949335985616882,0.5847407203311861,0.44632906838936215,-0.05824319731068606,0.8121162409711682,0.8044785634167775,-0.13102595430857722,1
-0.45376009059490885,1.2157275312778875,1.2127693874459944,-0.22779918256154752,-0.19836432180770114,1.2751865658158215,0.3183832262637214,0.16134681577981835,1
0.03678423998184998,-0.06847751579856373,0.002413889054992584,1.0045592347824563,-0.00391214625896098,,0.008773510223357454,0.051811558873810705,0
0.990870883889772,-0.22053592177949488,0.8468780166397782,1.0067710100080796,-0.24295796982400053,,0.5442975145389788,1.2633461326270905,1
1.3434394069339224,-0.07751775892296076,0.5529878639129897,0.19920235558124344,-0.4599135280381017,0.7551466428529401,1.135244429537052,-0.16240175595895123,1
1.3359953680060153,0.43373255445083014,-0.22578283882174865,0.30769141253732846,0.19724597752334572,1.2289186759038508,-0.4905192391186859,0.017255271027192043,1
0.053671806902620536,0.02316770725923116,-0.020340396209982292,-0.017290063989574427,1.0318381117585298,0.057933685678469495,0.0018107797869116365,-0.03462514295561933,0
-0.20459816154620047,1.1518482734735107,0.6533114872292751,1.2554937518344247,1.0928585515081801,1.331191765859156,0.8332878634774712,1.1498351499562425,1
-0.01962955831945939,0.007297636104666894,0.029667069174410827,-0.05456826801712807,0.9958377140325396,0.03870163559914456,0.027188671976834475,0.058600001839724344,0
1.0030125366856055,0.01757170186850751,0.04208990116928916,-0.03284929357688583,0.056606691061622194,-0.05180473606538817,-0.004028090739003471,0.015612831355287944,0
-0.29850414131504155,0.9680169414080881,1.3623257248522287,0.0955854904509097,0.43872876288734575,1.4342661147176268,0.3167284325298747,0.7447351181301194,1
0.1617487568886209,0.6142451786630363,1.4796613982317695,-0.3366517905448645,0.04572120622322884,0.8446284561403121,0.39863813124777625,1.0625491001838727,1
-0.2648692862533155,0.5569340348058485,-0.3720093620950067,-0.0621266396484772,0.7272029969122198,0.4437544354115952,0.7897689463666051,1.1635809617640873,1
-0.04839919533592172,-0.052560494550290396,0.0034561786723700293,0.035075630467692284,1.02798636204148,0.037984501354190583,-0.002628566916538194,-0.020849896213004947,0
1.2674822266156627,1.3418705742351922,-0.06010611828248047,0.8429289946083467,-0.1496826123768833,-0.27620613040065023,-0.3468622524215059,0.811891837029354,1
-0.010485969152995184,-0.008913952482995207,-0.021534220241873462,0.9388010432718588,-0.008678629334873648,-0.02413866319502885,-0.014837058617799628,-0.04382421534552395,0
-0.026635297462476358,1.0353101187360834,-0.029588284267215912,-0.03553951012213218,0.05479436531405979,-0.007104529266353945,-0.006479504959776775,-0.013180209559735236,0
0.8724865684437151,0.2407462962749638,0.4519966954114354,1.0808802491378746,-0.4207551745157294,-0.4587549505389341,0.6210504594359147,0.13581945978606247,1
0.0309333227864457,-0.01741976339994815,-0.033476325192399695,0.9983199403295375,0.03959183501926081,-0.006449037747705956,0.06582663265320923,0.023958118005163277,0
0.7611668481519223,0.03382393705932096,1.0380929946527246,1.2414318179928783,0.4374341488263622,-0.345665770368891,0.9249584784895835,0.5925189190973674,1
-0.015419487728497078,0.995567169952774,-0.06761922530908995,-0.027837250982990773,-0.04657410765492493,,-0.003357417660219666,-0.0023647868837951154,0
-0.0363089211821268,0.06369440359988303,0.9946777086494099,,0.015674943910781735,0.00785071091036677,0.02958946132396732,-0.018436084950833685,0
1.4445617815943477,0.2855269301961787,0.5897151239089569,1.4057243759853428,1.1090508239568058,0.5030258010840147,0.911755387012819,1.424561914845828,1
1.293740775785174,0.3660461113621749,1.4877193797788262,0.2650384207136083,-0.025941599592718134,1.2730416512372205,1.4301452203996043,0.023466904718860038,1
-0.11201899614240252,0.01785643424324812,0.8230055366802946,0.5341623155876019,0.042182642173545615,0.28004798779730944,1.3522850623006852,0.7382139668480114,1
0.153161364303668,1.0595214842813128,-0.45671195395427433,0.9602961362407962,-0.4016454305590673,-0.03228288200795815,1.1507165189535518,-0.20609449907129562,1
0.021666887594964736,1.0032160807464503,-0.05109002302469445,0.053668855780903905,0.0114030075625078,-0.029143564576464425,-0.045064455787110276,-0.025546190609010744,0
-0.03197991194968589,0.0008004225596910614,-0.0038526426690054716,0.9509529759466169,-0.01924449658653024,-0.044193903201618444,-0.019902469303749115,0.0105468356852476,0
0.03433938406076095,0.020440280902189623,0.03327229619686868,,0.025336300588351093,-0.010141924899259726,0.00553622068459927,0.012247600655443756,0
0.013144593275912674,-0.013977726386822521,0.9673238581695193,-0.03756688022877414,-0.008281221257807598,-0.06054634731898753,0.05355191462676694,-0.02246378860237019,0
0.7547147813254367,0.3796209937449748,1.4949517236301697,0.5480607624559537,0.22289760359161992,-0.23653272876194387,0.1417536979653311,0.7886404931908113,1
1.2272598444972675,0.5894308937974055,1.4360712587199158,0.4140221133677082,0.9376349880092492,0.6026867633369724,-0.4522383092590536,0.46774495070268207,1
0.007349588137610355,-0.0009654347799862644,0.03477653229565389,0.9890124573864505,0.03893960653496006,0.05333548600514593,0.01481873971193076,0.005250425318052138,0
1.0116727795150502,0.010290550392578325,0.0002015675945561762,-0.009247201549654853,-0.055792567695067574,-0.016581438310644337,-0.01350948009261666,-0.03162500645478707,0
-0.007934918806602778,-0.0017033236902882967,0.013495992974084652,1.0337419389909157,0.05981675387729602,0.03238908644327294,0.024770801992990966,0.02185890564793968,0
-0.1108455182147734,-0.41193108861129457,1.4021408399811426,0.6227819703448574,1.1039183116289606,-0.39609539981506514,0.46172931481399426,0.33302936094151225,1
0.030328587195603166,0.06384334045508447,0.0426194281308794,-0.04144378219794051,1.0213669149494102,-0.009134556208516576,-0.003794313784411654,-0.029332486052622873,0
0.03280320176647897,1.0272637060999272,0.022244480679335533,0.060875110714458475,-0.015981162609030562,-0.015613538058783958,-0.017618036991100327,0.024850514089122953,0
1.0334289413978481,0.011419185301713866,0.030205784679673987,0.023396874803837366,-0.030805279542614507,-0.020816209157333978,0.027769272556447577,0.022681230168398684,0
-0.004788359820648415,-0.035289548516733556,-0.005125680059326379,-0.06838937123076298,0.9995025244630997,-0.003028659123205758,0.0479521164683555,-0.011658761241464716,0
1.0159529636536693,-0.03535299041544733,-0.011815881798402419,-0.027989514626286825,-0.033460450731444547,0.04823510190208901,0.02026910998281321,-0.03933908008645819,0
1.3253757883500792,1.438523801435448,1.0441854180363166,0.7480801161600752,1.0172077542320577,0.533479049156629,1.0247718593608508,0.1816611212211532,1
0.4493007097145414,0.25677481241267297,0.43822458812141174,0.5038263413558699,1.3608077097655233,1.0721458533614532,0.35036492070122427,1.0196382942447733,1
1.0516848106461276,0.06717845743225181,0.8822516746583753,0.022538685341370712,1.470450824979852,0.6738570592223649,0.9419138102608449,0.4201599523452184,1
0.7129669659170303,0.8883840548053601,-0.42836132539735594,-0.13096007838229706,0.2685242403988328,0.3967059219008766,0.4535843744569765,0.5487608365556096,1
-0.2716442928853249,1.2237229895057182,-0.49320405167415626,-0.14688477640102038,-0.46125144500857984,-0.43197154181478936,1.4868489497903916,0.17763053650730543,1
0.9768407087915038,0.02243828408926094,0.004243896048007213,0.04234582223029196,-0.030691342855344507,-0.014324260329671153,-0.01714161773391081,-0.06397983206508247,0
-0.013924932211615372,,0.027105246538860914,0.0303361120694527,0.9262146016773991,-0.020263189660168473,0.003831977931014581,-0.015902109653256308,0
0.024906976988817525,1.061390052498873,-0.029738539903566036,0.039895517639720914,0.027927304527423893,-0.04705789274825083,-0.00595803410109446,0.002162688535996295,0
0.9665567189600731,0.010376322023518616,-0.029982594076146417,-0.04663370689270455,0.04839513982220636,-0.007455043706430589,0.0022297544794578003,-0.04704461883727452,0
0.008519527424596378,-0.006687481663363146,0.015688831215678364,0.961347570556025,0.03839835120766788,-0.05080611510552885,0.0036911565206033197,0.04934180779665514,0
0.44569698603652763,0.03021790345806008,1.2706688736108205,0.6679621028184404,0.8033521588507593,-0.3664298931768113,1.124783674024048,1.4651915615300086,1
1.0296000869770794,0.0068689852266127435,-0.004635550626357425,-0.012069192865326898,-0.059263859324104114,-0.028853643151410605,-0.018463865603111477,0.042372817794514274,0
0.6462949425829145,-0.1925901368472096,0.2565284484599002,1.3280843859196307,0.17489181846778945,0.7892873332053421,1.2048703494842694,-0.11695527432685093,1
-0.016242663867147906,0.04178382461192021,0.006825322812892487,-0.0075518338930910785,1.0536955972105129,0.057745171072017945,-0.02053467636668737,-0.03127079492566573,0
0.1812638743878272,0.7564393358340382,1.1884880589994176,0.07259561603613007,0.4699306604069329,0.6672788536276011,0.49401558326148476,1.0457089609335086,1
1.3733603969168315,0.512445220087119,1.0668481736769104,-0.4191523220692799,0.750401419194987,-0.1354871020340569,0.8624684509110554,1.365262561396659,1
0.6329892642056425,-0.28725168761449926,1.1898080995306837,-0.3869961919026208,0.9205562210096854,-0.20819449397581513,0.8599143827131193,0.4221605544152893,1
0.21304450633342942,0.5241322843850369,0.1922428849714295,0.7116752757111169,0.41989603715210255,-0.39099054243888776,0.48477000421785643,0.10369071594355361,1
-0.24044226344262132,0.466706626238242,0.8680756598364399,1.10447640208328,0.46349443439755267,1.3467139873395568,-0.3736124830979335,0.8450615966228163,1
0.8316107776031789,0.3883817019696605,0.26047017990649923,1.0540025176802297,0.18956411079594293,0.8702336770758188,-0.2698045034762315,0.5244553255749564,1
0.03120777407296472,-0.03703741141168103,-0.006889180343485132,1.0487332909851677,-0.016358524746716518,-0.025086955590601975,0.007511056612296644,-0.00012605965465101589,0
0.7807504254124509,-0.1390591792848097,1.4202810746914487,0.38231805636603444,1.171194404331512,1.2196639944690084,0.0007181910535283276,-0.3589765550006032,1
0.06967036347843936,0.03741256721704727,0.9983897396362515,-0.0426154320044799,-0.014565483696444649,-0.024670109775777917,0.01177270317239783,-0.010881609960142048,0
0.7491943770475811,0.14538629047930174,0.767712615854703,0.22087973856204934,1.2503398069436533,1.3705434058061639,1.0080108320110737,1.2127111025720982,1
-0.021405865297027846,0.06620134167906076,1.0359205422922098,-0.01353125714774139,0.013243381766206508,-0.04970240891927801,0.007727412621351643,4.964346672564853e-05,0
0.001170381218654509,0.9280932999990541,-0.02826815403534495,0.017521805320087087,-0.0367877566348476,0.010935672405084343,-0.016609239148028032,0.032422424197279344,0
1.039730039022833,0.0391569292556195,0.06283704462034481,0.0010109848789910782,0.03282466865903904,-0.01493417275058674,0.015603206612087602,-0.006264218821105234,0
-0.020768375710660446,-0.041676872956787105,1.0107022567102997,0.02489544867218091,0.01952902614520566,-0.046860826449441555,0.042760702551285466,0.021394895511781406,0
0.20050727366483811,1.1708888413762235,-0.016889234675267817,1.4216871020720028,1.0686218845782192,1.4839893503987451,0.4526431216781519,1.2640451112602176,1
-0.005447993750512627,-0.05422065382257211,-0.06277456118735072,-0.021130647700567332,1.0056512742733774,-0.0279780021532773,-0.008525255328016535,0.015324817270959136,0
0.9642823650640504,-0.005170986866878877,0.022758964407155573,0.03901819406066738,-0.05409542842618082,-0.015075432664410367,-0.021405021239111144,-0.029444497652137493,0
-0.17322041863149318,0.9520727291269588,1.4178850969653602,0.6754940409540775,0.3407405576369673,-0.008213180954724786,,0.4278453292865134,1
1.4465059563155775,1.341264916442142,1.4919122029691612,-0.3406799484229177,0.6585366135533486,-0.01291744369076464,0.7025714366999827,1.209705460966899,1
-0.08550704368449336,0.04349286968383126,0.5760105955269113,0.9361531473261242,-0.4390676724303315,0.3859955275782896,1.0664387000328808,1.304903824651126,1
-0.03669568431968796,0.04664732358782955,-0.021486679204336796,0.9899521857842357,0.02412061664728638,-0.051961588555273275,0.04362389703820878,-0.01937727398914033,0
-0.020744008429190608,-0.06520405778907738,1.0091130651116123,-0.04072430175879159,0.018883716807905303,0.010489849595497402,-0.0025927620562966745,0.048653780215115135,0
-0.014397796405796791,0.03582485694788293,0.9789598182173973,0.0007506630836262287,-0.01165963746031773,0.0057575301904961166,0.010412458383869748,0.01762348765149412,0
1.329839694021704,,1.11057253266972,-0.06971000428520369,-0.11292336793635815,1.0812594020348465,1.2987569303253141,1.2082448376833312,1
0.02710248303705582,0.012945528768866538,0.9823071589952375,0.017076988314247896,0.07907646405303,0.01315454523285088,0.007703019116558276,0.02534065054303649,0
0.38344355955675535,0.6375094237038834,0.3066141189961671,1.0321662544203918,0.006719501012388385,1.3958508889019519,1.1372811432385452,-0.30351348727992744,1
-0.24078253432360697,-0.09837679594319404,0.555759184152097,-0.10587098011777796,1.0040898875533588,0.4809733321265355,1.1778490439500535,0.6458300865382098,1
-0.4495364816578551,-0.208275625006487,1.379089020185848,0.49185810019047005,0.8840203103286639,0.23475577028871508,1.1832960400687034,0.24680434821225172,1
0.6735537462962118,-0.210878943135707,1.1239473972496274,-0.1523373843881044,-0.43912938394583145,0.008092545094724901,1.0853159358605042,-0.13658686802717024,1
1.0198266400146725,-0.005518901584709508,0.025852872137229994,0.060792640015468476,-0.009346370826593502,-0.009345715501400837,0.06303521614958763,0.03063261237359647,0
0.022092906775731565,0.018816458892135454,0.05900231797162496,1.0444494448638724,9.311941016983463e-05,-0.054853656323146975,-0.006974716895615555,-0.00337069879569563,0
0.030183144748553294,1.0267080617144089,-0.007521091525717481,-0.0031631205519046684,0.03722800936401861,0.05473839415219511,0.05885270999337277,-0.0019497691170579736,0
1.4838272882025154,0.26343479035665474,0.5262475481266065,0.6852243816360652,1.206364394133814,-0.43074823040257115,-0.2731687908556979,-0.19668937548355347,1
0.5969156501887913,0.4321551276317015,1.2916949393325057,0.4014100260553868,0.9714131083341953,1.3264983899409162,1.0129364583315132,0.3715811648575129,1
1.464927764692876,0.6485939647367949,1.259297959299677,0.8880815932553379,-0.2895708760926472,1.1002036011667595,0.8192666076529938,0.7785757904761166,1
-0.2741653539623088,-0.22593499942062278,1.1391507528851177,0.5040555330089276,-0.40776442192825657,1.3275453542696063,1.1727460647781793,0.20010636385102143,1
0.5839326366491708,0.2722572934518448,0.4885701275147185,0.43121397646949977,-0.45291910046001904,0.7051251333500101,0.8107573532923886,1.2854188125204462,1
0.009822526641852623,-0.045723716617532884,1.063631012972071,-0.002648966983791819,0.004363404493960376,0.004739287826838678,0.005510820769266849,0.05087392294100065,0
0.979918000454954,0.004091877452635445,-0.04245956283477954,0.01385930723660102,-0.02215725326002414,-0.010760432847590023,-0.022196648366424987,0.06832959236730202,0
0.047906699394016705,0.8826369462715336,0.8243920756671217,-0.2333217041948321,0.6020692969001555,0.4232947273429333,1.086850153998949,0.8332878709830445,1
0.005101945556591251,0.9964123654173782,0.037178269508787734,0.005633813987346825,0.04751805745929696,-0.05120278057271476,0.05583848047935702,-0.019356643898209926,0
0.40376169008139606,0.7856538155877701,1.1229584389635794,-0.2535621456890145,0.19215295733000692,0.39937905277256047,-0.4668331321400181,-0.40243559452295097,1
1.107233476519778,0.7126956160016635,0.15079057411397412,1.1248631886657565,-0.46251213428381033,0.3394332066820125,-0.07542536704027203,0.4298857988732838,1
-0.022443033511964892,-0.05544976998413709,1.0239624270078918,-0.059489011601770565,0.0133569906946278,-0.007510798976241434,0.013790919999773768,0.027775809117315767,0
-0.05306261177852015,1.0190716703188805,-0.05331397414379968,0.008862108007860763,-0.0011755099226515272,0.00768118222702231,-0.017054708641492868,0.0445363566155899,0
1.4553594233301541,-0.20374989612585326,0.3447360560435426,0.4215348939925987,1.0368771038616809,1.2418108104150174,0.032702877114585194,0.7933840957137295,1
-0.006081036526389216,0.030977256380812872,0.024079774487801645,1.031807535863629,-0.04924119225802817,0.005786064892833229,0.047498052815148094,0.045570742788998926,0
0.9745480358084114,0.008692791005868781,0.010969116061874477,-0.026736743731336637,0.0698322054189524,0.017734617806024346,-0.044588105387895566,0.024573487413836203,0
-0.41851996596342445,0.0791959192913414,0.4405122236767933,-0.31710149863843373,0.7065404935110142,0.7063093298918051,0.07777768419860154,0.8824724191033968,1
0.0035652688331375155,1.020817670387412,-0.016460265713123104,-0.044597177732501186,0.010466624921259044,0.029761593761005012,0.0329294846244777,-0.004749533015972183,0
0.010602136655230446,0.034060815519202155,-0.004053226019434301,1.0484875800915456,0.04370823861713179,0.00525418447648692,-0.016022750537243526,0.05222067565962818,0
-0.21136438874400842,0.32373502898113937,-0.08725050228018905,0.20030036044838906,1.1240771121964563,1.2851584908600335,0.04077084278938292,-0.24697379362917538,1
0.01314535636393661,-0.022388757661577656,1.0373039421035075,-0.03241555935256552,0.04107476084034641,-0.014266332989312337,-0.0637551836307217,-0.01718164865959914,0
0.8414233627053853,-0.11050996193871421,0.41129070506350685,1.4590115249613784,1.2814876554214034,0.12551836281997786,0.6363169219808884,0.4296147482202799,1
-0.20777364810049792,0.4721720312103266,0.47972263925218206,0.27634485742934367,-0.22190188295056323,-0.24078923853402512,-0.02634877014002801,-0.05966688400819575,1
1.4104325519413377,0.7071073763823026,0.4159401292370164,0.8416365006206596,1.2155846332430844,-0.24967336441012455,0.004280169541938772,1.4561760094523952,1
0.9829359143237785,0.03937421401443279,0.002324233290073146,-0.03896903464427556,-0.02586391100951262,0.024572856918212056,-0.02640855530665802,0.00782669742337114,0
1.3884893886243643,0.2370932430456194,1.13907842381888,1.3088159740117697,0.9838175149154527,0.1084624441881974,1.4603282902037835,-0.27856743845659837,1
1.1498222289713906,1.2597515829605672,0.5114989734089757,0.5241794867576535,-0.3494187495948107,0.18304586177318427,0.906214317123716,0.7902104978248423,1
-0.010542565514896095,-0.07970792720745688,0.9876287019286184,-0.002239502985632939,0.003508528810860203,-0.024645416873089403,-0.04638868761611215,0.01752566661568762,0
1.2846269563526742,0.45786145879534845,0.6487138685842044,0.95224792375872,0.5614125624165336,-0.3525787168266825,1.0247713841707913,0.31085735423345695,1
0.02311526689512705,-0.002084170596339856,0.9856656618801051,0.02712499678268356,-0.0805833986928958,-0.01231413664979789,-0.0006697581386246728,0.010049466353848159,0
-0.019773829432458475,-0.021429008374629306,0.0023031791436631606,-0.04358766103419264,0.9359235349145547,-0.016051506133462155,0.020311250580863884,-0.036013226873227173,0
1.0579365566152799,1.0499806919937598,0.18802022252756445,1.2258248364383804,1.1592438795582876,0.9635314342840973,-0.03200996764678443,1.0088462929911546,1
0.9989313005812906,0.005998954269031518,0.06532706231766765,-0.03024707113047817,0.027973113162409573,-0.010338119212058874,-0.011130049495360277,0.056180508770011836,0
0.9777866162564127,-0.009133796331936906,0.02307168103634378,-0.03490781547267139,0.00645085678297255,0.037071103170110295,-0.04558888203863791,0.005236291748489257,0
1.001770125519318,0.07239303545245335,-0.005653359883904272,0.008862274371448207,-0.001020155656706314,-0.03434666457717106,0.033586796891672814,0.022098808077880148,0
0.013644255976290912,-0.05358328855853504,1.0039154375849226,-0.018176716899418664,0.038533775924215884,0.022853099651328604,-0.008252707882739478,-0.021324331656593396,0
0.650002058980456,0.18748996593325584,0.40177479548190687,0.4762608251169851,0.18289915718449667,-0.13897611697794443,1.3058337789617378,-0.34168226425363746,1
0.9997050400224898,-0.43469051180700813,1.3211278873142351,0.784172739556352,-0.20849210943358032,0.6981560056113398,1.4050718133990594,0.1812974717999336,1
1.4458331729577671,-0.2876342327110528,0.8138206297224719,-0.046532215359235796,0.9274070049055809,0.9941524481897519,0.2396421708240013,0.02092043161043633,1
0.057235607662309625,-0.01206772687243102,0.0064854632988624,0.9375620450554358,0.0369159257646065,-0.02895696363697719,0.002934099250456116,-0.013105697423303083,0
0.0130999856246749,-0.014303277165624762,0.955272935467194,0.05388339493150448,-0.044397441495485815,-0.0410572751793983,-0.024956129313716126,-0.01907785458527575,0
0.00861312923328012,1.014838830754012,0.011694150434866218,-0.029572407497284244,-0.010002535043319443,-0.01805418476541487,-0.02842216999416704,-0.04268494490485099,0
1.3384076704837016,1.1794310675665036,-0.019206267943457256,1.380193674631498,0.13845427976510494,1.237878764467753,0.29782328604192587,1.1020315728805956,1
0.18053696443167655,0.2398758050670684,0.3840014625176864,0.9728269235903351,-0.26784953715474225,-0.45049437582599494,1.3748477941525012,1.0741807478236807,1
0.0006466204494628424,0.00638220986921761,-0.009687635571948376,0.9949912310602629,-0.031176142575193685,-0.06366670290110714,0.007101998659477295,-0.021410483590543258,0
1.0419404650526138,0.009620822170276905,-0.029953797847386113,0.021804902123912152,0.05041434424424679,0.024527440128546584,-0.0360944404590965,-0.011503556278580353,0
0.9314615985266699,0.9611484972667936,0.5615147917463479,0.2207641113950478,0.16110513816271688,1.0596301031436015,0.5404455679741298,1.1245388669875005,1
-0.1337809826046099,0.2730183162097921,1.494306072760713,0.8837249616369496,0.11647149084846409,0.5672481050053972,-0.32396295702258326,1.1153688968125561,1
1.2025224667431007,-0.10021382572011484,1.282335408592454,0.6817955771365523,,-0.16777958291233497,-0.059324553945532266,0.9491583093672529,1
0.612034207689415,0.2530900578879469,-0.2898509380025407,1.4509511708416962,1.3483437397043125,1.3967728410609404,-0.39225688763426003,0.8229928525844257,1
-0.026875833584321395,0.016002995173399568,0.9802616542011051,0.048484809187338766,-0.029964614552910863,-0.018836860085521823,-0.02880153000688585,-0.041564950706735014,0
0.4660861205680227,0.14644611867839474,0.27839806447663795,1.4719739411485262,-0.05838560071537979,1.379226300584806,1.3728240108099168,0.028174387738092888,1
0.05662693639083814,0.03867286961288276,1.0298439176768208,0.04074685565177196,0.0013764227937786086,0.0025465635265017167,-0.013539366519353033,0.008476262840566578,0
-0.08254174518712569,0.01535173780559124,-0.00014200019865045785,-0.01203836742596206,0.9952433287649459,0.013777505651568303,0.03638403839880044,-0.010250769782133332,0
0.31860564153232396,-0.11848392090194992,-0.05898384230165887,0.24059343711130632,0.39325860380832656,1.121428731514465,0.12189276285348072,0.35181632626703885,1
0.008299048260896467,-0.016795821209455313,,0.0547209240035308,0.9604994122089175,0.033158217332196815,0.006601488967667441,-0.012943274864867106,0
0.051026304571133135,0.9836927024321336,-0.027603391707002264,-0.023457726634744987,0.0003702254626858632,-0.004240809602821151,0.058810850421988685,-0.010524013396477024,0
1.0315393742849166,-0.017617219771478954,0.011048751973023822,0.019284283164320862,-0.023075656961393607,-0.0014818659425969703,-0.08069038137484737,-0.02550182406526909,0
0.017170060396920376,0.966533573452448,0.05240708006956968,0.02224143296816976,-0.0015299342761248029,-0.016294778577970504,0.003197398883614948,0.03083393449096476,0
0.016001968243025844,-0.06327517441531648,-0.009956658712397112,0.00601966399392909,0.9757047610363158,0.0023262351258593853,0.007348118864914023,0.015507327964344796,0
0.043794248600191654,-0.23292534897034067,0.032387254756678585,-0.24795278194789905,0.0017772851515329702,0.29069677579957953,0.35737879782757687,1.200451997545967,1
0.024007774941437365,-0.05466107233728651,-0.0524505179122604,-0.008404237143357335,0.9554194556050001,0.0355689644396203,-0.009932524543977951,-0.014326259574749738,0
0.019970016636078804,0.08558319857587085,0.006530599986770999,0.9920196598781719,0.006638019135889191,0.02807835677909095,0.0006642353644966821,0.009323526591696342,0
-0.01742031508965822,0.9662516346585664,-0.023617452086217586,-0.050657822033921766,0.0276013594707886,-0.05209453302758756,0.02677673501934697,0.03373006431797035,0
0.06701915102010862,0.028048783437587026,-0.05268437010577131,-0.009970341827389527,1.008523695255326,-0.01660889753807099,0.02749361025658206,-0.007160313035617566,0
0.6750670203160758,0.772867399609052,-0.279237909133762,0.24267749398393135,1.4458235970416746,0.4568422858539407,0.18109275229197075,0.49932939119603725,1
0.2729504889312637,0.617173583989926,0.6262107512549695,-0.19235895901213684,1.1777679413702653,0.5320734344695044,0.055748295169708806,0.13521126335832023,1
-0.0531609301584738,0.9978100790749254,-0.05694361499324626,0.027839996727841057,-0.02263861717721976,0.014061187962011088,-0.047824253282905876,-0.010884504875098679,0
0.5390864815624732,0.7908874655356037,0.9314624158292193,0.5903840702535024,0.2905439849634943,1.115238656969882,1.1944126345581592,,1
-0.0009547829870262344,0.0456583160232686,-0.05254567235621541,0.015035353068538159,0.9587039880678222,0.016537106000596262,0.04236072014047131,-0.02961620425081819,0
1.0078221328926902,-0.04551433446246178,0.006327341426955644,0.014077962727715882,-0.0322926312127697,0.005616503240363323,0.0021267147858411717,-0.0417595833934859,0
0.29916778526128884,0.46882581564521875,0.4733091702727463,1.2052044905794173,1.2334332005065314,0.22745698443594087,0.457159444772274,0.9746561311696584,1
0.002339589953405147,0.03156879594328006,0.001550944880380231,0.9353664089876592,0.023345978192455576,0.021078446652894708,-0.04461891543741353,-0.026160746405988113,0
0.028557676989989914,-0.02745854186519088,0.9531402154489412,0.03374732151554433,0.056726924338080374,-0.019822746424524498,0.006165114678848911,-0.02556867333367137,0
-0.39432679431781814,-0.3528310836990487,0.4475613867592836,1.3203766718815555,0.182776890847955,1.039287057436995,1.4672446764453009,0.970804683218413,1
-0.03632148572066107,1.4954599992245696,1.1997359060211,-0.30370727392999686,0.7766145054975164,0.4978481086869673,0.9533987022054398,0.1955132167589464,1
0.026548984897962428,-0.002932530019910467,1.0206678782537766,-0.030283812108838595,-0.02980044964526978,0.0055037876755119515,-0.00532974930012277,-0.03533236570756585,0
1.390278927262028,-0.08618969923074982,0.391685247563359,1.4568770229075219,0.06192583016514841,-0.2784888785239672,0.4736299988068644,1.044295658046276,1
-0.4491065180977094,0.9472985739013211,0.5010185226551318,1.250795516698287,-0.18264143021927737,0.0805090534062638,-0.0025435942527125555,0.31509255001062697,1
0.3149301534239608,-0.4175092654566326,0.6888613483962973,0.7062734325066211,1.1156538551879753,0.04653114468895958,-0.33461649924721293,0.6445328342417558,1
0.7667753771019226,0.9632215694422626,1.2725979495704833,0.9789189868339041,1.3476521203572671,1.4426047985695374,0.9948102278255297,1.321564074561414,1
0.9990718174540393,0.04053685442361404,-0.06787246764900788,0.02129388506223731,0.002255219148501504,-0.007746695161154475,0.0023773421036768043,-0.051494020027301676,0
-0.03920788010505025,0.06270328742706352,-0.028016176909112327,0.018494582149775538,0.972441081474018,-0.0018334712424747151,0.02567519175237648,-0.037885799454478626,0
-0.01635372172545376,,1.0087945668735174,0.0009074071844883941,0.0024499139596215855,-0.029271518940574802,0.007792915664909834,0.04174265980529688,0
0.538154349802137,0.785664553814456,0.13267093819642373,1.2521311085968365,0.7675426021093648,0.2630760497169309,1.405863261568163,-0.07467239106530421,1
0.4806465023191855,-0.4013125247627216,-0.2884683733367701,0.5567276303446778,0.37436570861960616,-0.01171286784060488,-0.2188425351141272,1.0806439028021766,1
1.0023380080604616,-0.49598799927319925,-0.23549032972006523,1.2426158337673325,-0.4396712303623025,0.814514523618278,0.4297751140274564,0.3496055597028689,1
-0.010432896029628498,0.0494483393387505,-0.03197801429387338,0.9635061139446616,0.007639781367040104,-0.020687801868078892,-0.019361757690353056,-0.004063858874003696,0
0.37474587034399254,1.0622557353652695,-0.20734616726443544,0.9763264556254367,,-0.40945319540997716,1.0474888861501956,1.2700924405420768,1
-0.002375934553738473,0.025223793061668102,0.9562521399608681,-0.008188341275609861,-0.0537382391669243,0.02749310964928339,-0.04321415359946109,0.016386360664113017,0
0.014559068361426264,0.03450278689237875,0.02584074560610473,-0.030964794861274025,1.029322982305962,-0.0064257091432076505,-0.013442973952903631,-0.03931268626631163,0
0.9789429680220787,0.539333558694699,0.7499711164067657,0.6435987334204298,0.8526967871416673,1.2730144865335429,0.7264772060292117,0.1625967324321751,1
1.1870506530153722,0.730390678725148,1.1523585370462162,0.28182995313138637,0.5989484291146328,0.903521772755862,-0.2406806487880513,0.09323500264503148,1
0.04980445461537256,-0.04707299962089491,-0.02778484434225547,-0.02066715100965831,0.9904604140116997,-0.018729183724549833,0.007764687287110834,-0.01649242054211311,0
1.2640115398790472,-0.429317911270787,1.2996538394590458,-0.1884262384070432,1.0537965856801965,-0.40682065799875056,-0.46862482718633425,1.112188298813092,1
0.24259914486943268,0.2900749059129135,-0.41986824258264654,0.9168754463485504,1.4247123282132466,1.2222963732519352,-0.217302703849245,0.8601955491465361,1
1.0013891718231254,-0.019862810997827843,0.06535410300600476,0.01932382905333806,-0.061732662651626156,0.0056837090827260624,-0.02017331562040099,0.025984826864377728,0
1.044471741869051,0.014586401609079314,0.9993390581960524,1.046750374101062,0.9818741644677496,1.3473324277498209,0.1770223324387512,0.39547750324257147,1
0.32174888054708406,1.4308123210657884,0.0505498763223442,0.369257660198552,0.5011626579790278,0.6234321900850879,0.30745396764559185,1.0639079999237366,1
0.04579723967770393,-0.02282973816639008,0.01957958766268837,-0.005352663572078284,0.9941844152279992,-0.006926661554053594,-0.026345957071070587,0.02225354745509248,0
0.22856804290080768,0.6298208372025766,0.6258605529589021,-0.38068885549383147,1.4369706610718254,0.34824208058599093,1.046097590429758,-0.1939207904178073,1
-0.010018936224535485,0.01072490453403292,0.00594593530304146,-0.03135836981910152,0.9931838628256523,-0.018138090172591888,0.00964511648796174,-0.06472166169377032,0
